transaction_id,card_id,amount,currency,merchant_id,merchant_name,merchant_mcc,merchant_country,billing_country,event_timestamp,is_fraud_label,channel
TXN-0000000,CARD-000082,407.66,INR,MER-2424,Myntra,7011,IN,IN,2024-08-21T19:51:22.000Z,False,POS
TXN-0000001,CARD-000005,320.85,INR,MER-1434,Myntra,5411,IN,IN,2024-07-08T21:55:07.000Z,False,ONLINE
TXN-0000002,CARD-000092,37.11,INR,MER-7924,Zomato,7011,IN,IN,2024-03-02T05:48:46.000Z,False,POS
TXN-0000003,CARD-000020,26.64,INR,MER-7224,Amazon,7011,IN,IN,2024-03-27T03:22:36.000Z,False,POS
TXN-0000004,CARD-000045,15.94,INR,MER-5803,BetOnline,5661,IN,IN,2024-03-21T20:05:57.000Z,False,MOBILE
TXN-0000005,CARD-000080,24.03,INR,MER-5741,Amazon,6051,IN,IN,2024-03-12T08:17:51.000Z,False,ONLINE
TXN-0000006,CARD-000013,34.39,INR,MER-2169,Myntra,6051,IN,IN,2024-04-23T09:43:13.000Z,False,MOBILE
TXN-0000007,CARD-000022,221.88,INR,MER-5422,Unknown Crypto,5691,IN,IN,2024-06-27T13:48:55.000Z,False,MOBILE
TXN-0000008,CARD-000072,110.12,INR,MER-5386,Amazon,5411,IN,IN,2024-05-20T14:36:21.000Z,False,ONLINE
TXN-0000009,CARD-000073,255.49,INR,MER-8517,Swiggy,6051,IN,IN,2024-06-10T23:24:19.000Z,False,POS
TXN-0000010,CARD-000018,93.0,INR,MER-6930,Swiggy,4111,IN,IN,2024-07-28T14:32:30.000Z,False,ONLINE
TXN-0000011,CARD-000066,419.99,INR,MER-3621,BetOnline,5661,IN,IN,2024-03-29T05:33:53.000Z,False,MOBILE
TXN-0000012,CARD-000055,34.04,INR,MER-1188,Unknown Crypto,4829,US,IN,2024-05-04T20:08:32.000Z,False,MOBILE
TXN-0000013,CARD-000015,45.9,INR,MER-8123,Swiggy,5691,IN,IN,2024-03-29T10:41:09.000Z,False,POS
TXN-0000014,CARD-000001,942.7,INR,MER-5889,BetOnline,4111,IN,IN,2024-07-08T03:52:27.000Z,False,MOBILE
TXN-0000015,CARD-000065,44.64,INR,MER-9689,Amazon,4829,IN,IN,2024-04-11T19:38:17.000Z,False,MOBILE
TXN-0000016,CARD-000042,50.25,INR,MER-4946,Myntra,6051,IN,IN,2024-05-01T02:06:32.000Z,False,ONLINE
TXN-0000017,CARD-000011,93.86,INR,MER-8787,Myntra,5661,US,IN,2024-04-02T04:40:28.000Z,False,ONLINE
TXN-0000018,CARD-000034,17.91,INR,MER-7118,BigBasket,7011,IN,IN,2024-05-19T14:31:36.000Z,False,MOBILE
TXN-0000019,CARD-000058,67.79,INR,MER-4770,Myntra,5912,IN,IN,2024-05-26T00:45:57.000Z,False,ONLINE
TXN-0000020,CARD-000001,415.25,INR,MER-9423,Swiggy,7011,IN,IN,2024-05-24T02:34:47.000Z,False,POS
TXN-0000021,CARD-000086,187.0,INR,MER-8744,Swiggy,5661,IN,IN,2024-07-25T20:58:45.000Z,False,POS
TXN-0000022,CARD-000053,109.75,INR,MER-2612,Amazon,7995,IN,IN,2024-06-28T01:58:20.000Z,False,POS
TXN-0000023,CARD-000094,149.06,INR,MER-4116,Myntra,6051,IN,IN,2024-05-03T06:58:32.000Z,False,POS
TXN-0000024,CARD-000018,38.28,INR,MER-2604,Amazon,7011,IN,IN,2024-06-22T20:02:12.000Z,False,MOBILE
TXN-0000025,CARD-000070,142.18,INR,MER-8956,BigBasket,5411,IN,IN,2024-04-12T14:47:49.000Z,False,ONLINE
TXN-0000026,CARD-000052,162.18,INR,MER-7930,Unknown Crypto,5411,IN,IN,2024-06-25T10:23:08.000Z,False,MOBILE
TXN-0000027,CARD-000072,59.5,INR,MER-9883,Amazon,5661,IN,IN,2024-04-25T02:07:45.000Z,False,MOBILE
TXN-0000028,CARD-000041,398.72,INR,MER-9320,Amazon,5691,US,IN,2024-04-10T02:04:15.000Z,False,ONLINE
TXN-0000029,CARD-000009,157.4,INR,MER-5033,Myntra,4829,IN,IN,2024-06-12T04:21:53.000Z,False,MOBILE
TXN-0000030,CARD-000006,36.04,INR,MER-6147,Swiggy,4829,IN,IN,2024-05-06T07:26:12.000Z,False,POS
TXN-0000031,CARD-000051,38.37,INR,MER-2188,Amazon,5812,IN,IN,2024-06-26T11:30:41.000Z,False,POS
TXN-0000032,CARD-000080,4896.73,INR,MER-6718,Amazon,5912,US,IN,2024-05-07T04:49:21.000Z,False,ONLINE
TXN-0000033,CARD-000048,86.59,INR,MER-9666,Amazon,4111,US,IN,2024-08-28T11:00:51.000Z,False,MOBILE
TXN-0000034,CARD-000071,52.42,INR,MER-5462,Zomato,5812,IN,IN,2024-07-20T05:39:34.000Z,False,MOBILE
TXN-0000035,CARD-000027,486.03,INR,MER-5114,BetOnline,6051,IN,IN,2024-07-08T17:47:12.000Z,False,ONLINE
TXN-0000036,CARD-000012,20.09,INR,MER-3647,Unknown Crypto,5411,IN,IN,2024-08-11T09:32:15.000Z,True,POS
TXN-0000037,CARD-000071,16.68,INR,MER-9938,Amazon,7995,IN,IN,2024-03-20T05:25:36.000Z,False,POS
TXN-0000038,CARD-000075,27.02,INR,MER-5088,Unknown Crypto,5411,IN,IN,2024-05-31T07:38:55.000Z,False,ONLINE
TXN-0000039,CARD-000046,59.61,INR,MER-4878,BetOnline,5691,IN,IN,2024-08-06T05:37:37.000Z,False,ONLINE
TXN-0000040,CARD-000023,109.69,INR,MER-5371,Swiggy,6051,IN,IN,2024-08-19T09:02:07.000Z,False,MOBILE
TXN-0000041,CARD-000014,75.02,INR,MER-8541,Zomato,7995,IN,IN,2024-04-26T07:15:58.000Z,False,POS
TXN-0000042,CARD-000030,121.32,INR,MER-9346,BigBasket,7995,IN,IN,2024-05-11T12:47:05.000Z,False,MOBILE
TXN-0000043,CARD-000069,511.47,INR,MER-3925,Myntra,6051,IN,IN,2024-03-30T09:30:37.000Z,True,POS
TXN-0000044,CARD-000005,243.59,INR,MER-4114,Zomato,6051,US,IN,2024-03-30T14:01:28.000Z,False,ONLINE
TXN-0000045,CARD-000091,201.72,INR,MER-6967,BigBasket,7995,NG,IN,2024-08-23T07:10:25.000Z,True,ONLINE
TXN-0000046,CARD-000086,392.69,INR,MER-7691,Zomato,5912,IN,IN,2024-07-08T11:15:38.000Z,False,POS
TXN-0000047,CARD-000090,40.43,INR,MER-3851,Myntra,4111,IN,IN,2024-06-16T13:48:15.000Z,False,MOBILE
TXN-0000048,CARD-000039,13.62,INR,MER-6279,BigBasket,4111,IN,IN,2024-07-27T22:05:16.000Z,False,POS
TXN-0000049,CARD-000057,318.92,INR,MER-5649,Myntra,7011,IN,IN,2024-08-16T03:05:14.000Z,False,MOBILE
TXN-0000050,CARD-000082,61.01,INR,MER-1400,Amazon,7011,IN,IN,2024-04-20T05:21:53.000Z,False,ONLINE
TXN-0000051,CARD-000061,62.68,INR,MER-4185,Unknown Crypto,4829,IN,IN,2024-06-25T15:05:21.000Z,False,MOBILE
TXN-0000052,CARD-000050,36.71,INR,MER-3881,BetOnline,5411,IN,IN,2024-06-17T07:58:03.000Z,False,MOBILE
TXN-0000053,CARD-000067,92.92,INR,MER-3184,BetOnline,5661,IN,IN,2024-04-01T16:37:09.000Z,False,POS
TXN-0000054,CARD-000086,19.96,INR,MER-7991,BetOnline,6051,IN,IN,2024-08-04T18:22:42.000Z,False,MOBILE
TXN-0000055,CARD-000058,66.79,INR,MER-5050,BetOnline,5812,IN,IN,2024-06-24T09:26:12.000Z,False,MOBILE
TXN-0000056,CARD-000036,104.01,INR,MER-5451,Zomato,7011,IN,IN,2024-05-13T08:32:15.000Z,False,POS
TXN-0000057,CARD-000070,21.13,INR,MER-4505,Amazon,5912,IN,IN,2024-06-07T05:33:48.000Z,False,POS
TXN-0000058,CARD-000053,46.81,INR,MER-1320,BetOnline,5411,IN,IN,2024-06-08T21:15:56.000Z,False,MOBILE
TXN-0000059,CARD-000049,291.25,INR,MER-7865,Myntra,5661,UK,IN,2024-05-16T14:11:56.000Z,True,MOBILE
TXN-0000060,CARD-000095,18.85,INR,MER-1475,BigBasket,7011,IN,IN,2024-06-20T17:40:54.000Z,False,POS
TXN-0000061,CARD-000086,56.47,INR,MER-9751,Amazon,7995,IN,IN,2024-04-02T22:39:20.000Z,False,POS
TXN-0000062,CARD-000076,69.51,INR,MER-5262,BigBasket,7995,IN,IN,2024-04-16T01:49:50.000Z,False,POS
TXN-0000063,CARD-000028,80.58,INR,MER-5133,BetOnline,5661,IN,IN,2024-05-11T15:20:55.000Z,False,ONLINE
TXN-0000064,CARD-000061,396.7,INR,MER-1508,Swiggy,6051,IN,IN,2024-08-14T01:27:56.000Z,False,ONLINE
TXN-0000065,CARD-000003,107.94,INR,MER-4571,BigBasket,4829,IN,IN,2024-06-30T04:09:53.000Z,False,MOBILE
TXN-0000066,CARD-000033,97.23,INR,MER-2771,Myntra,4829,IN,IN,2024-04-11T11:19:28.000Z,False,ONLINE
TXN-0000067,CARD-000040,43.68,INR,MER-2245,Myntra,4829,IN,IN,2024-06-10T07:13:15.000Z,False,MOBILE
TXN-0000068,CARD-000081,97.84,INR,MER-1672,Zomato,4111,US,IN,2024-03-31T20:36:17.000Z,False,MOBILE
TXN-0000069,CARD-000055,574.22,INR,MER-6590,Amazon,6051,IN,IN,2024-07-08T23:34:34.000Z,True,POS
TXN-0000070,CARD-000063,999.12,INR,MER-5425,Myntra,5661,IN,IN,2024-04-15T18:59:46.000Z,False,MOBILE
TXN-0000071,CARD-000100,589.96,INR,MER-5022,BetOnline,5661,US,IN,2024-05-08T11:44:05.000Z,False,ONLINE
TXN-0000072,CARD-000036,174.22,INR,MER-9098,BetOnline,5661,IN,IN,2024-05-26T01:02:41.000Z,False,POS
TXN-0000073,CARD-000024,49.03,INR,MER-5526,Myntra,5661,IN,IN,2024-05-27T10:10:55.000Z,False,ONLINE
TXN-0000074,CARD-000067,145.61,INR,MER-9041,BigBasket,7995,IN,IN,2024-08-24T17:20:02.000Z,False,ONLINE
TXN-0000075,CARD-000012,76.5,INR,MER-7046,BigBasket,4111,IN,IN,2024-05-18T21:10:25.000Z,False,MOBILE
TXN-0000076,CARD-000068,9.49,INR,MER-5118,Swiggy,5691,IN,IN,2024-05-09T11:09:49.000Z,False,ONLINE
TXN-0000077,CARD-000093,2609.06,INR,MER-4138,Swiggy,7011,US,IN,2024-08-24T06:44:27.000Z,False,MOBILE
TXN-0000078,CARD-000062,69.03,INR,MER-4727,Zomato,5691,IN,IN,2024-04-19T10:47:09.000Z,False,ONLINE
TXN-0000079,CARD-000039,436.76,INR,MER-1893,Myntra,5411,IN,IN,2024-05-10T01:39:25.000Z,False,POS
TXN-0000080,CARD-000090,448.5,INR,MER-8690,BigBasket,5661,IN,IN,2024-07-25T10:21:08.000Z,False,POS
TXN-0000081,CARD-000044,49.97,INR,MER-2070,BigBasket,5812,IN,IN,2024-07-01T04:09:13.000Z,False,POS
TXN-0000082,CARD-000010,17.85,INR,MER-5066,Amazon,5812,US,IN,2024-05-17T03:06:04.000Z,False,MOBILE
TXN-0000083,CARD-000098,38.46,INR,MER-7232,BigBasket,7995,US,IN,2024-04-27T19:01:34.000Z,False,POS
TXN-0000084,CARD-000039,920.68,INR,MER-4404,Unknown Crypto,4111,IN,IN,2024-08-04T03:36:46.000Z,False,ONLINE
TXN-0000085,CARD-000034,5.45,INR,MER-3564,Amazon,5912,IN,IN,2024-07-20T02:43:58.000Z,False,POS
TXN-0000086,CARD-000058,54.45,INR,MER-2166,Unknown Crypto,5411,IN,IN,2024-08-27T16:31:50.000Z,False,ONLINE
TXN-0000087,CARD-000034,25.66,INR,MER-9922,Swiggy,4829,IN,IN,2024-06-17T04:10:43.000Z,False,MOBILE
TXN-0000088,CARD-000020,592.69,INR,MER-5728,BigBasket,5912,IN,IN,2024-07-31T20:43:27.000Z,False,ONLINE
TXN-0000089,CARD-000060,26.51,INR,MER-9090,BigBasket,4111,IN,IN,2024-07-07T19:39:36.000Z,False,ONLINE
TXN-0000090,CARD-000077,310.0,INR,MER-1339,BetOnline,6051,IN,IN,2024-03-24T08:20:05.000Z,False,MOBILE
TXN-0000091,CARD-000035,123.51,INR,MER-8245,Zomato,4829,IN,IN,2024-06-29T18:53:41.000Z,False,ONLINE
TXN-0000092,CARD-000075,11.88,INR,MER-2713,BetOnline,5912,IN,IN,2024-05-25T11:41:21.000Z,False,ONLINE
TXN-0000093,CARD-000043,213.41,INR,MER-1601,BigBasket,7995,IN,IN,2024-08-17T14:34:48.000Z,False,ONLINE
TXN-0000094,CARD-000041,89.21,INR,MER-8569,BigBasket,7995,IN,IN,2024-08-16T19:45:18.000Z,False,ONLINE
TXN-0000095,CARD-000025,163.31,INR,MER-1845,Swiggy,5691,IN,IN,2024-08-08T16:05:39.000Z,False,POS
TXN-0000096,CARD-000071,176.36,INR,MER-6091,Myntra,5661,US,IN,2024-05-01T05:45:58.000Z,False,ONLINE
TXN-0000097,CARD-000071,185.93,INR,MER-3522,BigBasket,7995,IN,IN,2024-06-27T04:16:36.000Z,False,MOBILE
TXN-0000098,CARD-000038,34.55,INR,MER-3369,BigBasket,5661,IN,IN,2024-06-25T20:04:15.000Z,False,ONLINE
TXN-0000099,CARD-000077,85.33,INR,MER-7798,Zomato,5691,IN,IN,2024-03-18T10:03:28.000Z,False,MOBILE
TXN-0000100,CARD-000035,136.96,INR,MER-3434,BigBasket,4111,US,IN,2024-08-16T17:49:38.000Z,False,MOBILE
TXN-0000101,CARD-000062,37.19,INR,MER-6272,BetOnline,6051,US,IN,2024-06-05T16:34:42.000Z,False,ONLINE
TXN-0000102,CARD-000090,97.8,INR,MER-7325,Unknown Crypto,7995,IN,IN,2024-08-28T13:52:48.000Z,False,MOBILE
TXN-0000103,CARD-000020,291.87,INR,MER-6439,BetOnline,5661,IN,IN,2024-07-07T21:29:16.000Z,False,ONLINE
TXN-0000104,CARD-000057,761.63,INR,MER-2225,BigBasket,5411,IN,IN,2024-08-15T05:37:12.000Z,False,POS
TXN-0000105,CARD-000044,422.25,INR,MER-7226,Zomato,4829,IN,IN,2024-05-24T19:25:42.000Z,False,MOBILE
TXN-0000106,CARD-000092,258.63,INR,MER-5708,Swiggy,5691,IN,IN,2024-04-30T22:58:47.000Z,True,MOBILE
TXN-0000107,CARD-000012,36.52,INR,MER-5906,Amazon,7995,IN,IN,2024-06-22T06:03:25.000Z,False,ONLINE
TXN-0000108,CARD-000042,119.81,INR,MER-3950,Swiggy,6051,IN,IN,2024-07-14T15:00:08.000Z,False,ONLINE
TXN-0000109,CARD-000011,34.53,INR,MER-9153,Myntra,4829,US,IN,2024-08-22T08:46:06.000Z,False,ONLINE
TXN-0000110,CARD-000030,36.92,INR,MER-3588,Amazon,4111,IN,IN,2024-05-13T19:54:03.000Z,False,POS
TXN-0000111,CARD-000045,112.39,INR,MER-8484,BetOnline,4829,IN,IN,2024-08-24T09:06:20.000Z,False,POS
TXN-0000112,CARD-000026,945.06,INR,MER-5847,Unknown Crypto,5912,US,IN,2024-05-31T20:55:41.000Z,False,POS
TXN-0000113,CARD-000003,89.19,INR,MER-9138,BetOnline,7995,US,IN,2024-08-23T01:47:08.000Z,False,POS
TXN-0000114,CARD-000100,147.77,INR,MER-3240,Unknown Crypto,6051,IN,IN,2024-08-06T09:07:30.000Z,False,ONLINE
TXN-0000115,CARD-000081,18.85,INR,MER-6977,Unknown Crypto,5411,IN,IN,2024-03-09T21:06:05.000Z,False,ONLINE
TXN-0000116,CARD-000012,221.38,INR,MER-9697,Myntra,7995,IN,IN,2024-07-17T13:19:13.000Z,False,POS
TXN-0000117,CARD-000022,50.7,INR,MER-2886,BigBasket,4111,IN,IN,2024-05-15T12:19:56.000Z,False,ONLINE
TXN-0000118,CARD-000019,92.05,INR,MER-7464,Amazon,7995,US,IN,2024-06-02T03:17:16.000Z,False,POS
TXN-0000119,CARD-000069,38.17,INR,MER-7086,Amazon,5912,IN,IN,2024-07-28T13:52:21.000Z,False,MOBILE
TXN-0000120,CARD-000030,17.43,INR,MER-2035,Unknown Crypto,5691,US,IN,2024-04-26T23:34:49.000Z,False,POS
TXN-0000121,CARD-000090,121.19,INR,MER-1609,Zomato,4111,IN,IN,2024-04-05T01:39:03.000Z,False,POS
TXN-0000122,CARD-000015,702.09,INR,MER-7866,Myntra,5812,IN,IN,2024-08-19T19:40:04.000Z,False,MOBILE
TXN-0000123,CARD-000094,379.06,INR,MER-7686,Zomato,5812,IN,IN,2024-07-04T22:24:54.000Z,False,ONLINE
TXN-0000124,CARD-000089,36.88,INR,MER-9920,Unknown Crypto,7011,IN,IN,2024-08-23T13:22:27.000Z,False,POS
TXN-0000125,CARD-000008,231.35,INR,MER-4475,Unknown Crypto,7995,IN,IN,2024-06-25T03:20:15.000Z,False,MOBILE
TXN-0000126,CARD-000077,131.67,INR,MER-2124,BetOnline,6051,IN,IN,2024-07-23T07:28:16.000Z,False,MOBILE
TXN-0000127,CARD-000027,83.95,INR,MER-1046,Zomato,4829,IN,IN,2024-05-24T05:22:20.000Z,False,ONLINE
TXN-0000128,CARD-000017,11.25,INR,MER-6869,BetOnline,5912,IN,IN,2024-04-03T00:32:27.000Z,False,ONLINE
TXN-0000129,CARD-000076,52.61,INR,MER-7897,Myntra,6051,US,IN,2024-03-14T04:36:54.000Z,True,ONLINE
TXN-0000130,CARD-000096,300.59,INR,MER-4629,Myntra,6051,IN,IN,2024-06-24T18:20:39.000Z,False,ONLINE
TXN-0000131,CARD-000094,149.73,INR,MER-7580,BigBasket,5691,IN,IN,2024-03-16T17:26:21.000Z,False,MOBILE
TXN-0000132,CARD-000014,6.51,INR,MER-2076,Swiggy,5912,IN,IN,2024-08-03T05:24:02.000Z,False,POS
TXN-0000133,CARD-000080,105.72,INR,MER-9692,Zomato,4829,IN,IN,2024-06-06T21:45:01.000Z,False,POS
TXN-0000134,CARD-000065,58.41,INR,MER-8398,Swiggy,5912,US,IN,2024-04-25T15:39:30.000Z,False,POS
TXN-0000135,CARD-000044,64.24,INR,MER-6120,Unknown Crypto,5661,IN,IN,2024-05-20T15:32:16.000Z,False,POS
TXN-0000136,CARD-000048,518.72,INR,MER-2582,Unknown Crypto,5661,IN,IN,2024-03-24T15:43:26.000Z,False,MOBILE
TXN-0000137,CARD-000048,53.21,INR,MER-6400,Unknown Crypto,5812,US,IN,2024-07-22T20:27:00.000Z,False,ONLINE
TXN-0000138,CARD-000053,30.7,INR,MER-6119,Zomato,7995,IN,IN,2024-05-13T21:51:36.000Z,False,ONLINE
TXN-0000139,CARD-000074,369.62,INR,MER-6736,BetOnline,5691,IN,IN,2024-04-27T03:56:24.000Z,False,MOBILE
TXN-0000140,CARD-000048,186.39,INR,MER-1430,Myntra,7011,US,IN,2024-08-07T22:20:22.000Z,False,MOBILE
TXN-0000141,CARD-000089,170.85,INR,MER-6567,Zomato,4111,US,IN,2024-08-27T11:14:59.000Z,True,ONLINE
TXN-0000142,CARD-000024,260.05,INR,MER-4524,BigBasket,7995,IN,IN,2024-03-24T19:18:51.000Z,False,POS
TXN-0000143,CARD-000059,29.03,INR,MER-2391,Amazon,6051,IN,IN,2024-05-23T20:39:55.000Z,False,ONLINE
TXN-0000144,CARD-000021,90.98,INR,MER-8242,BigBasket,5912,IN,IN,2024-07-03T22:06:10.000Z,False,POS
TXN-0000145,CARD-000028,61.36,INR,MER-8972,Myntra,5691,IN,IN,2024-03-29T10:18:45.000Z,False,MOBILE
TXN-0000146,CARD-000040,285.68,INR,MER-3248,BetOnline,4829,IN,IN,2024-05-17T07:41:26.000Z,False,POS
TXN-0000147,CARD-000038,126.32,INR,MER-3116,BigBasket,6051,IN,IN,2024-06-19T06:23:48.000Z,False,MOBILE
TXN-0000148,CARD-000091,109.0,INR,MER-8532,Amazon,6051,IN,IN,2024-06-20T00:40:56.000Z,False,POS
TXN-0000149,CARD-000074,412.81,INR,MER-7636,Amazon,7995,IN,IN,2024-05-14T04:11:36.000Z,False,POS
TXN-0000150,CARD-000022,152.58,INR,MER-7560,Myntra,6051,IN,IN,2024-05-02T15:51:44.000Z,False,ONLINE
TXN-0000151,CARD-000051,18.56,INR,MER-2251,Myntra,4111,IN,IN,2024-05-25T06:07:17.000Z,False,MOBILE
TXN-0000152,CARD-000015,41.54,INR,MER-3399,Zomato,6051,IN,IN,2024-04-30T03:44:34.000Z,False,ONLINE
TXN-0000153,CARD-000023,77.43,INR,MER-9095,BigBasket,4829,IN,IN,2024-04-15T22:51:46.000Z,False,MOBILE
TXN-0000154,CARD-000098,18.31,INR,MER-6179,Swiggy,4829,US,IN,2024-05-22T22:50:10.000Z,False,POS
TXN-0000155,CARD-000009,37.76,INR,MER-1920,Zomato,5661,IN,IN,2024-05-10T21:31:58.000Z,False,MOBILE
TXN-0000156,CARD-000010,55.28,INR,MER-2479,Myntra,5411,IN,IN,2024-03-20T23:28:17.000Z,False,MOBILE
TXN-0000157,CARD-000065,305.61,INR,MER-4084,Zomato,7995,US,IN,2024-03-11T16:22:27.000Z,False,MOBILE
TXN-0000158,CARD-000061,4.4,INR,MER-3827,Amazon,5661,IN,IN,2024-03-22T18:22:12.000Z,False,ONLINE
TXN-0000159,CARD-000091,87.71,INR,MER-3600,Zomato,5661,US,IN,2024-07-12T22:12:08.000Z,False,POS
TXN-0000160,CARD-000037,18.65,INR,MER-2548,Myntra,4829,IN,IN,2024-03-17T12:00:13.000Z,False,MOBILE
TXN-0000161,CARD-000050,345.79,INR,MER-2335,Myntra,4111,US,IN,2024-04-08T12:08:14.000Z,False,MOBILE
TXN-0000162,CARD-000019,220.51,INR,MER-7171,Unknown Crypto,7995,IN,IN,2024-05-19T20:20:59.000Z,False,POS
TXN-0000163,CARD-000017,53.7,INR,MER-1298,Zomato,5691,IN,IN,2024-07-09T13:10:25.000Z,False,POS
TXN-0000164,CARD-000024,256.25,INR,MER-5846,BetOnline,5661,IN,IN,2024-04-09T02:48:34.000Z,False,ONLINE
TXN-0000165,CARD-000065,64.62,INR,MER-3147,Myntra,5691,US,IN,2024-03-10T12:15:40.000Z,False,POS
TXN-0000166,CARD-000020,294.73,INR,MER-7731,Zomato,4829,IN,IN,2024-06-21T01:35:26.000Z,False,MOBILE
TXN-0000167,CARD-000093,619.29,INR,MER-4833,Myntra,7011,US,IN,2024-05-12T16:20:41.000Z,False,ONLINE
TXN-0000168,CARD-000040,701.41,INR,MER-5616,BetOnline,7011,US,IN,2024-06-21T16:48:33.000Z,False,POS
TXN-0000169,CARD-000065,57.35,INR,MER-3267,BetOnline,5691,IN,IN,2024-04-21T22:00:54.000Z,False,POS
TXN-0000170,CARD-000007,19.23,INR,MER-2374,BetOnline,5691,US,IN,2024-04-01T10:22:43.000Z,False,ONLINE
TXN-0000171,CARD-000035,13.55,INR,MER-4637,BetOnline,5661,IN,IN,2024-06-20T03:20:21.000Z,False,POS
TXN-0000172,CARD-000045,277.48,INR,MER-7142,Swiggy,7995,IN,IN,2024-06-07T02:58:16.000Z,False,ONLINE
TXN-0000173,CARD-000041,53.22,INR,MER-1627,Zomato,5912,IN,IN,2024-04-07T05:00:35.000Z,False,POS
TXN-0000174,CARD-000090,241.62,INR,MER-5193,Swiggy,5661,IN,IN,2024-03-21T00:41:30.000Z,False,ONLINE
TXN-0000175,CARD-000071,15.38,INR,MER-5934,Amazon,4829,IN,IN,2024-05-13T08:39:07.000Z,False,ONLINE
TXN-0000176,CARD-000031,13.9,INR,MER-1269,Unknown Crypto,5661,IN,IN,2024-07-31T19:31:01.000Z,False,MOBILE
TXN-0000177,CARD-000074,252.02,INR,MER-6780,Swiggy,7011,IN,IN,2024-06-18T00:03:25.000Z,False,MOBILE
TXN-0000178,CARD-000054,178.41,INR,MER-9312,BetOnline,5691,IN,IN,2024-07-13T19:48:33.000Z,False,MOBILE
TXN-0000179,CARD-000071,466.87,INR,MER-7338,Zomato,5411,IN,IN,2024-03-12T23:08:38.000Z,False,POS
TXN-0000180,CARD-000096,738.25,INR,MER-2698,BetOnline,6051,IN,IN,2024-08-16T22:52:26.000Z,True,MOBILE
TXN-0000181,CARD-000095,111.66,INR,MER-3868,BetOnline,6051,IN,IN,2024-07-18T12:19:34.000Z,False,MOBILE
TXN-0000182,CARD-000060,350.53,INR,MER-5807,Swiggy,5812,IN,IN,2024-06-26T01:20:47.000Z,False,ONLINE
TXN-0000183,CARD-000026,76.35,INR,MER-9897,BigBasket,5411,IN,IN,2024-07-10T14:29:56.000Z,False,POS
TXN-0000184,CARD-000005,91.48,INR,MER-5476,Amazon,6051,IN,IN,2024-08-15T12:05:06.000Z,False,POS
TXN-0000185,CARD-000056,41.21,INR,MER-9129,Unknown Crypto,7995,IN,IN,2024-05-26T06:48:06.000Z,False,POS
TXN-0000186,CARD-000048,327.42,INR,MER-3956,Myntra,5912,IN,IN,2024-06-19T21:56:04.000Z,False,POS
TXN-0000187,CARD-000042,46.29,INR,MER-7981,Swiggy,5912,IN,IN,2024-05-18T16:14:07.000Z,False,MOBILE
TXN-0000188,CARD-000057,72.95,INR,MER-1939,Amazon,6051,IN,IN,2024-05-10T23:16:56.000Z,False,MOBILE
TXN-0000189,CARD-000082,119.53,INR,MER-8179,Amazon,7995,IN,IN,2024-03-08T05:11:54.000Z,False,ONLINE
TXN-0000190,CARD-000009,104.77,INR,MER-3513,Unknown Crypto,6051,US,IN,2024-03-09T22:01:50.000Z,False,POS
TXN-0000191,CARD-000048,503.07,INR,MER-3255,Myntra,6051,SG,IN,2024-03-20T20:53:45.000Z,True,POS
TXN-0000192,CARD-000051,61.45,INR,MER-7340,Myntra,5912,IN,IN,2024-07-06T18:51:01.000Z,True,ONLINE
TXN-0000193,CARD-000034,219.57,INR,MER-9047,Swiggy,4111,IN,IN,2024-08-04T10:23:51.000Z,False,ONLINE
TXN-0000194,CARD-000018,198.83,INR,MER-2063,Myntra,5661,IN,IN,2024-08-18T12:38:57.000Z,False,MOBILE
TXN-0000195,CARD-000038,31.47,INR,MER-4673,Amazon,4111,IN,IN,2024-06-01T18:31:23.000Z,False,ONLINE
TXN-0000196,CARD-000018,101.15,INR,MER-3126,Myntra,6051,IN,IN,2024-06-28T20:05:05.000Z,False,ONLINE
TXN-0000197,CARD-000009,363.53,INR,MER-7708,BetOnline,4111,IN,IN,2024-07-13T14:57:23.000Z,False,MOBILE
TXN-0000198,CARD-000010,188.57,INR,MER-3981,BetOnline,5912,US,IN,2024-05-28T04:40:21.000Z,False,ONLINE
TXN-0000199,CARD-000056,189.15,INR,MER-3507,Zomato,5691,IN,IN,2024-04-01T18:51:48.000Z,False,ONLINE
TXN-0000200,CARD-000021,39.19,INR,MER-5105,Swiggy,6051,US,IN,2024-05-12T02:52:16.000Z,False,MOBILE
TXN-0000201,CARD-000071,489.4,INR,MER-2530,Myntra,4111,IN,IN,2024-08-05T19:25:24.000Z,False,MOBILE
TXN-0000202,CARD-000022,23.9,INR,MER-1674,BetOnline,5812,US,IN,2024-05-26T20:31:14.000Z,False,ONLINE
TXN-0000203,CARD-000011,37.98,INR,MER-4453,BetOnline,5411,US,IN,2024-05-07T23:42:24.000Z,False,MOBILE
TXN-0000204,CARD-000054,72.29,INR,MER-7653,Zomato,5691,IN,IN,2024-07-02T08:54:56.000Z,False,POS
TXN-0000205,CARD-000010,73.62,INR,MER-4342,Zomato,5411,IN,IN,2024-07-02T16:54:35.000Z,False,MOBILE
TXN-0000206,CARD-000019,43.29,INR,MER-2739,Zomato,6051,IN,IN,2024-06-03T18:44:59.000Z,False,ONLINE
TXN-0000207,CARD-000060,525.6,INR,MER-1829,Zomato,5912,IN,IN,2024-04-06T03:31:29.000Z,False,POS
TXN-0000208,CARD-000079,6.18,INR,MER-3610,BigBasket,5812,US,IN,2024-05-20T06:54:41.000Z,False,MOBILE
TXN-0000209,CARD-000060,409.14,INR,MER-7442,Myntra,5661,IN,IN,2024-03-06T03:16:42.000Z,False,POS
TXN-0000210,CARD-000031,114.81,INR,MER-5681,Myntra,5411,US,IN,2024-08-15T17:08:00.000Z,False,ONLINE
TXN-0000211,CARD-000014,268.5,INR,MER-6995,Amazon,7995,IN,IN,2024-06-02T14:40:55.000Z,False,POS
TXN-0000212,CARD-000007,44.09,INR,MER-5582,BetOnline,5691,IN,IN,2024-07-08T16:23:48.000Z,False,MOBILE
TXN-0000213,CARD-000088,64.23,INR,MER-6555,Myntra,4829,IN,IN,2024-06-09T13:35:15.000Z,False,POS
TXN-0000214,CARD-000097,245.9,INR,MER-6456,BetOnline,7995,IN,IN,2024-03-10T04:59:21.000Z,False,POS
TXN-0000215,CARD-000067,324.83,INR,MER-6218,Swiggy,5661,US,IN,2024-04-05T11:56:27.000Z,False,POS
TXN-0000216,CARD-000079,84.11,INR,MER-5911,BigBasket,6051,US,IN,2024-07-15T17:50:05.000Z,False,ONLINE
TXN-0000217,CARD-000048,32.8,INR,MER-1436,Myntra,6051,IN,IN,2024-07-28T11:12:07.000Z,False,POS
TXN-0000218,CARD-000034,701.09,INR,MER-8871,Swiggy,4829,RU,IN,2024-04-28T01:52:11.000Z,True,MOBILE
TXN-0000219,CARD-000081,58.51,INR,MER-1517,Myntra,4829,IN,IN,2024-04-07T08:49:05.000Z,False,MOBILE
TXN-0000220,CARD-000015,144.1,INR,MER-8726,BetOnline,7995,IN,IN,2024-06-14T18:16:14.000Z,False,MOBILE
TXN-0000221,CARD-000094,300.59,INR,MER-6325,Unknown Crypto,5411,US,IN,2024-04-23T20:25:16.000Z,False,POS
TXN-0000222,CARD-000068,10.48,INR,MER-5331,Myntra,5661,IN,IN,2024-07-18T12:53:57.000Z,False,POS
TXN-0000223,CARD-000025,736.3,INR,MER-5735,Unknown Crypto,7011,IN,IN,2024-04-27T10:50:08.000Z,False,ONLINE
TXN-0000224,CARD-000089,67.19,INR,MER-9899,BigBasket,6051,IN,IN,2024-05-13T04:26:14.000Z,False,POS
TXN-0000225,CARD-000045,32.91,INR,MER-8247,Unknown Crypto,5812,IN,IN,2024-03-21T12:36:38.000Z,False,POS
TXN-0000226,CARD-000096,40.47,INR,MER-3249,Amazon,5691,US,IN,2024-08-26T09:53:21.000Z,False,MOBILE
TXN-0000227,CARD-000095,100.05,INR,MER-4697,Unknown Crypto,4829,IN,IN,2024-08-19T19:20:04.000Z,False,ONLINE
TXN-0000228,CARD-000007,214.55,INR,MER-3587,BigBasket,5661,IN,IN,2024-03-02T20:02:15.000Z,False,MOBILE
TXN-0000229,CARD-000061,169.47,INR,MER-1969,BetOnline,5661,IN,IN,2024-05-22T10:23:29.000Z,False,ONLINE
TXN-0000230,CARD-000084,23.88,INR,MER-1595,BetOnline,5411,IN,IN,2024-06-15T06:24:00.000Z,False,POS
TXN-0000231,CARD-000064,46.2,INR,MER-5888,Myntra,5812,IN,IN,2024-03-10T00:20:14.000Z,False,MOBILE
TXN-0000232,CARD-000014,238.97,INR,MER-3198,BetOnline,5661,US,IN,2024-07-13T17:58:58.000Z,False,MOBILE
TXN-0000233,CARD-000060,56.2,INR,MER-8518,Unknown Crypto,4111,IN,IN,2024-05-24T05:54:58.000Z,False,POS
TXN-0000234,CARD-000092,193.43,INR,MER-7643,BetOnline,4111,IN,IN,2024-04-14T22:14:39.000Z,False,POS
TXN-0000235,CARD-000066,547.19,INR,MER-4027,Swiggy,6051,IN,IN,2024-06-11T03:28:22.000Z,True,POS
TXN-0000236,CARD-000042,102.43,INR,MER-1187,Zomato,7995,IN,IN,2024-05-24T10:59:36.000Z,False,MOBILE
TXN-0000237,CARD-000047,85.19,INR,MER-3616,BigBasket,7011,IN,IN,2024-06-28T11:10:13.000Z,False,MOBILE
TXN-0000238,CARD-000065,831.04,INR,MER-4618,Swiggy,4111,IN,IN,2024-06-03T22:22:40.000Z,False,ONLINE
TXN-0000239,CARD-000062,28.05,INR,MER-9998,BigBasket,5812,US,IN,2024-06-04T15:08:25.000Z,False,MOBILE
TXN-0000240,CARD-000086,228.09,INR,MER-9653,Unknown Crypto,4829,IN,IN,2024-07-13T16:15:56.000Z,False,POS
TXN-0000241,CARD-000010,14.76,INR,MER-9792,Swiggy,4829,US,IN,2024-07-08T07:21:37.000Z,False,ONLINE
TXN-0000242,CARD-000042,198.53,INR,MER-8298,BetOnline,7011,IN,IN,2024-03-24T18:34:55.000Z,False,ONLINE
TXN-0000243,CARD-000059,32.25,INR,MER-8575,Unknown Crypto,5812,IN,IN,2024-07-23T02:06:07.000Z,False,POS
TXN-0000244,CARD-000093,223.86,INR,MER-7941,Zomato,5411,US,IN,2024-03-19T01:38:56.000Z,False,MOBILE
TXN-0000245,CARD-000009,102.04,INR,MER-5703,BigBasket,5691,IN,IN,2024-06-29T01:09:19.000Z,False,ONLINE
TXN-0000246,CARD-000099,279.57,INR,MER-7154,Amazon,7995,IN,IN,2024-06-23T13:44:39.000Z,False,MOBILE
TXN-0000247,CARD-000085,327.8,INR,MER-9802,BigBasket,5691,IN,IN,2024-03-31T06:29:52.000Z,False,MOBILE
TXN-0000248,CARD-000017,79.99,INR,MER-7948,Myntra,5411,IN,IN,2024-06-27T19:49:21.000Z,False,POS
TXN-0000249,CARD-000030,38.72,INR,MER-2848,Amazon,7011,IN,IN,2024-05-10T06:51:44.000Z,False,MOBILE
TXN-0000250,CARD-000054,10.88,INR,MER-1550,BigBasket,5411,IN,IN,2024-03-26T21:37:29.000Z,False,MOBILE
TXN-0000251,CARD-000087,14.0,INR,MER-4839,Myntra,5411,IN,IN,2024-06-11T15:58:55.000Z,False,ONLINE
TXN-0000252,CARD-000097,117.69,INR,MER-6253,Swiggy,5691,IN,IN,2024-07-26T11:36:39.000Z,False,POS
TXN-0000253,CARD-000019,66.09,INR,MER-3869,Unknown Crypto,5691,IN,IN,2024-05-10T02:13:09.000Z,False,MOBILE
TXN-0000254,CARD-000055,63.48,INR,MER-7821,BigBasket,6051,IN,IN,2024-07-13T11:36:17.000Z,False,ONLINE
TXN-0000255,CARD-000039,79.21,INR,MER-4692,Zomato,7995,US,IN,2024-06-30T08:46:24.000Z,False,MOBILE
TXN-0000256,CARD-000019,224.58,INR,MER-3196,BigBasket,5691,IN,IN,2024-07-21T19:17:47.000Z,False,ONLINE
TXN-0000257,CARD-000033,7.38,INR,MER-2514,Myntra,7011,IN,IN,2024-06-24T13:30:37.000Z,False,MOBILE
TXN-0000258,CARD-000025,272.34,INR,MER-4555,BigBasket,4829,IN,IN,2024-04-18T21:23:35.000Z,False,ONLINE
TXN-0000259,CARD-000043,130.52,INR,MER-2922,Unknown Crypto,4111,IN,IN,2024-04-24T06:55:06.000Z,False,POS
TXN-0000260,CARD-000032,48.08,INR,MER-7236,BigBasket,7995,US,IN,2024-05-22T10:18:21.000Z,False,MOBILE
TXN-0000261,CARD-000084,15.43,INR,MER-8635,Amazon,6051,IN,IN,2024-07-10T18:06:19.000Z,False,MOBILE
TXN-0000262,CARD-000061,97.22,INR,MER-4625,Unknown Crypto,7011,IN,IN,2024-03-12T20:28:51.000Z,False,ONLINE
TXN-0000263,CARD-000003,31.45,INR,MER-5836,Swiggy,4111,US,IN,2024-07-27T15:12:12.000Z,False,ONLINE
TXN-0000264,CARD-000043,109.42,INR,MER-9037,BigBasket,7011,IN,IN,2024-05-05T17:47:24.000Z,False,ONLINE
TXN-0000265,CARD-000094,422.56,INR,MER-9882,Unknown Crypto,6051,US,IN,2024-07-04T06:42:03.000Z,False,ONLINE
TXN-0000266,CARD-000068,872.81,INR,MER-4791,Amazon,5411,IN,IN,2024-04-05T22:57:47.000Z,False,MOBILE
TXN-0000267,CARD-000020,146.96,INR,MER-8916,Unknown Crypto,5411,IN,IN,2024-06-04T02:12:03.000Z,False,POS
TXN-0000268,CARD-000003,411.02,INR,MER-1280,Myntra,5411,US,IN,2024-07-16T10:26:16.000Z,True,MOBILE
TXN-0000269,CARD-000087,95.88,INR,MER-9591,Swiggy,7995,IN,IN,2024-03-28T03:30:24.000Z,False,ONLINE
TXN-0000270,CARD-000025,46.15,INR,MER-7652,BigBasket,6051,IN,IN,2024-03-21T13:34:56.000Z,False,MOBILE
TXN-0000271,CARD-000032,48.15,INR,MER-1519,Amazon,7011,IN,IN,2024-08-15T23:39:42.000Z,False,POS
TXN-0000272,CARD-000049,33.86,INR,MER-6427,Myntra,5411,IN,IN,2024-07-06T15:47:53.000Z,False,ONLINE
TXN-0000273,CARD-000068,233.1,INR,MER-1762,Amazon,5411,US,IN,2024-06-30T09:52:12.000Z,False,MOBILE
TXN-0000274,CARD-000036,312.97,INR,MER-3362,BetOnline,5411,IN,IN,2024-03-05T07:32:32.000Z,False,MOBILE
TXN-0000275,CARD-000051,36.1,INR,MER-7375,Unknown Crypto,5912,US,IN,2024-05-01T20:37:57.000Z,False,MOBILE
TXN-0000276,CARD-000043,20.75,INR,MER-8161,Swiggy,5912,IN,IN,2024-03-14T03:33:23.000Z,False,ONLINE
TXN-0000277,CARD-000044,334.54,INR,MER-1485,Unknown Crypto,4829,US,IN,2024-06-10T11:52:58.000Z,False,POS
TXN-0000278,CARD-000058,29.27,INR,MER-2404,BetOnline,7995,US,IN,2024-08-17T13:50:16.000Z,False,MOBILE
TXN-0000279,CARD-000038,96.2,INR,MER-7225,Unknown Crypto,7011,IN,IN,2024-05-08T05:36:54.000Z,False,MOBILE
TXN-0000280,CARD-000020,84.1,INR,MER-5419,Amazon,5912,IN,IN,2024-06-22T13:06:15.000Z,False,ONLINE
TXN-0000281,CARD-000012,31.66,INR,MER-7685,Amazon,5812,US,IN,2024-07-21T18:39:26.000Z,False,ONLINE
TXN-0000282,CARD-000012,65.22,INR,MER-7779,BigBasket,4829,IN,IN,2024-03-04T10:37:33.000Z,False,ONLINE
TXN-0000283,CARD-000093,137.18,INR,MER-3778,Unknown Crypto,5691,IN,IN,2024-07-25T18:58:22.000Z,False,POS
TXN-0000284,CARD-000022,172.98,INR,MER-7899,Zomato,5661,IN,IN,2024-06-20T10:02:50.000Z,False,POS
TXN-0000285,CARD-000010,195.97,INR,MER-4203,BigBasket,6051,IN,IN,2024-08-08T18:03:05.000Z,False,ONLINE
TXN-0000286,CARD-000018,33.61,INR,MER-6484,BigBasket,6051,IN,IN,2024-05-24T16:01:40.000Z,False,MOBILE
TXN-0000287,CARD-000077,1415.19,INR,MER-8848,Zomato,5812,US,IN,2024-08-25T07:18:46.000Z,False,ONLINE
TXN-0000288,CARD-000051,239.12,INR,MER-5592,BetOnline,5661,IN,IN,2024-05-23T13:41:30.000Z,False,POS
TXN-0000289,CARD-000047,74.11,INR,MER-3947,Unknown Crypto,5912,IN,IN,2024-07-30T19:51:56.000Z,False,MOBILE
TXN-0000290,CARD-000004,322.98,INR,MER-7703,Unknown Crypto,7011,IN,IN,2024-08-25T02:31:04.000Z,False,POS
TXN-0000291,CARD-000018,61.03,INR,MER-2211,BigBasket,4111,IN,IN,2024-06-17T13:43:32.000Z,False,MOBILE
TXN-0000292,CARD-000062,24.78,INR,MER-2392,Amazon,7995,IN,IN,2024-08-27T19:32:53.000Z,False,ONLINE
TXN-0000293,CARD-000085,43.25,INR,MER-7547,BetOnline,6051,US,IN,2024-03-12T20:30:22.000Z,False,POS
TXN-0000294,CARD-000056,138.39,INR,MER-4621,BigBasket,7011,US,IN,2024-07-21T21:08:09.000Z,False,POS
TXN-0000295,CARD-000051,126.18,INR,MER-3469,Zomato,5661,US,IN,2024-08-24T18:13:17.000Z,False,ONLINE
TXN-0000296,CARD-000062,241.18,INR,MER-6620,BigBasket,5912,IN,IN,2024-05-29T11:21:20.000Z,False,ONLINE
TXN-0000297,CARD-000067,192.48,INR,MER-6225,Amazon,5661,IN,IN,2024-06-21T16:28:23.000Z,False,POS
TXN-0000298,CARD-000006,112.07,INR,MER-3858,Myntra,6051,IN,IN,2024-05-02T18:47:12.000Z,False,ONLINE
TXN-0000299,CARD-000043,51.86,INR,MER-4022,Swiggy,5691,IN,IN,2024-04-29T14:44:50.000Z,False,MOBILE
TXN-0000300,CARD-000085,69.0,INR,MER-7370,Amazon,4829,IN,IN,2024-07-30T15:38:22.000Z,False,MOBILE
TXN-0000301,CARD-000028,101.58,INR,MER-9796,Swiggy,7011,IN,IN,2024-07-26T03:42:16.000Z,False,POS
TXN-0000302,CARD-000042,109.15,INR,MER-7431,Myntra,5661,IN,IN,2024-07-31T14:08:59.000Z,False,ONLINE
TXN-0000303,CARD-000045,157.27,INR,MER-2388,Unknown Crypto,6051,US,IN,2024-04-14T10:49:46.000Z,False,ONLINE
TXN-0000304,CARD-000041,191.74,INR,MER-7852,Myntra,5812,IN,IN,2024-07-09T14:08:36.000Z,False,ONLINE
TXN-0000305,CARD-000074,179.68,INR,MER-3838,Myntra,7995,IN,IN,2024-08-10T19:33:55.000Z,False,ONLINE
TXN-0000306,CARD-000063,74.69,INR,MER-3236,Swiggy,5661,IN,IN,2024-03-03T17:38:38.000Z,False,POS
TXN-0000307,CARD-000072,190.47,INR,MER-7809,Unknown Crypto,5691,IN,IN,2024-08-23T17:54:11.000Z,False,POS
TXN-0000308,CARD-000063,194.35,INR,MER-5729,Swiggy,7011,IN,IN,2024-04-27T19:34:25.000Z,False,POS
TXN-0000309,CARD-000073,345.32,INR,MER-5389,BetOnline,5661,IN,IN,2024-07-25T04:09:29.000Z,False,MOBILE
TXN-0000310,CARD-000047,12.83,INR,MER-5055,Zomato,5661,IN,IN,2024-03-27T23:47:58.000Z,False,ONLINE
TXN-0000311,CARD-000058,53.15,INR,MER-4882,Swiggy,4111,IN,IN,2024-06-21T04:16:26.000Z,False,MOBILE
TXN-0000312,CARD-000076,36.98,INR,MER-4385,BetOnline,4829,IN,IN,2024-08-05T05:04:09.000Z,False,ONLINE
TXN-0000313,CARD-000008,9.86,INR,MER-3758,Zomato,4829,IN,IN,2024-07-31T19:36:57.000Z,False,MOBILE
TXN-0000314,CARD-000038,71.41,INR,MER-1971,Zomato,5691,IN,IN,2024-04-04T14:59:08.000Z,False,MOBILE
TXN-0000315,CARD-000017,225.37,INR,MER-9019,Swiggy,5812,IN,IN,2024-05-03T14:17:52.000Z,False,MOBILE
TXN-0000316,CARD-000081,77.82,INR,MER-5558,Unknown Crypto,5661,IN,IN,2024-06-12T18:46:22.000Z,False,POS
TXN-0000317,CARD-000059,308.74,INR,MER-6869,BetOnline,5661,IN,IN,2024-03-24T16:41:29.000Z,False,ONLINE
TXN-0000318,CARD-000069,7.23,INR,MER-9967,Myntra,7011,IN,IN,2024-05-12T12:17:50.000Z,False,ONLINE
TXN-0000319,CARD-000073,594.73,INR,MER-8529,Amazon,5661,IN,IN,2024-03-12T03:37:31.000Z,False,ONLINE
TXN-0000320,CARD-000021,86.39,INR,MER-3604,BetOnline,7995,IN,IN,2024-08-14T10:59:26.000Z,False,POS
TXN-0000321,CARD-000012,91.46,INR,MER-3711,Amazon,6051,IN,IN,2024-08-18T23:37:34.000Z,False,POS
TXN-0000322,CARD-000081,47.66,INR,MER-1017,Swiggy,7011,IN,IN,2024-08-28T03:27:55.000Z,False,POS
TXN-0000323,CARD-000010,517.31,INR,MER-1152,Amazon,5812,US,IN,2024-08-22T16:12:15.000Z,False,MOBILE
TXN-0000324,CARD-000044,388.71,INR,MER-7276,Amazon,7995,IN,IN,2024-03-19T08:20:08.000Z,False,MOBILE
TXN-0000325,CARD-000014,3.45,INR,MER-3181,Unknown Crypto,5912,IN,IN,2024-04-05T13:56:04.000Z,False,MOBILE
TXN-0000326,CARD-000019,366.56,INR,MER-3480,BigBasket,4829,IN,IN,2024-05-29T07:45:25.000Z,False,MOBILE
TXN-0000327,CARD-000088,171.35,INR,MER-3017,Myntra,5661,IN,IN,2024-03-26T05:05:51.000Z,False,MOBILE
TXN-0000328,CARD-000050,42.22,INR,MER-5668,BetOnline,5812,IN,IN,2024-05-03T20:08:54.000Z,False,MOBILE
TXN-0000329,CARD-000004,249.92,INR,MER-7418,Zomato,4111,US,IN,2024-07-09T06:52:06.000Z,False,MOBILE
TXN-0000330,CARD-000007,141.1,INR,MER-2163,Myntra,7011,IN,IN,2024-05-01T18:11:21.000Z,False,ONLINE
TXN-0000331,CARD-000047,11.2,INR,MER-9951,Unknown Crypto,6051,US,IN,2024-06-16T13:18:15.000Z,False,ONLINE
TXN-0000332,CARD-000098,2.75,INR,MER-4534,Amazon,5912,IN,IN,2024-03-04T09:32:45.000Z,True,ONLINE
TXN-0000333,CARD-000051,171.17,INR,MER-7590,Amazon,5691,US,IN,2024-06-15T15:25:18.000Z,False,MOBILE
TXN-0000334,CARD-000069,45.99,INR,MER-9788,Zomato,5912,US,IN,2024-04-22T05:39:25.000Z,False,POS
TXN-0000335,CARD-000076,76.56,INR,MER-5005,Amazon,5912,IN,IN,2024-05-01T02:06:29.000Z,False,POS
TXN-0000336,CARD-000015,18.65,INR,MER-3248,Unknown Crypto,4111,IN,IN,2024-03-31T00:27:40.000Z,False,ONLINE
TXN-0000337,CARD-000021,144.72,INR,MER-3735,Zomato,5661,US,IN,2024-07-11T09:26:20.000Z,False,ONLINE
TXN-0000338,CARD-000096,108.26,INR,MER-5456,Myntra,5912,IN,IN,2024-05-25T15:37:52.000Z,False,ONLINE
TXN-0000339,CARD-000034,35.47,INR,MER-6900,Amazon,4829,IN,IN,2024-06-25T18:35:49.000Z,False,POS
TXN-0000340,CARD-000073,127.77,INR,MER-1042,Amazon,5912,IN,IN,2024-04-28T18:31:32.000Z,False,ONLINE
TXN-0000341,CARD-000032,165.42,INR,MER-1579,Myntra,5411,IN,IN,2024-04-08T06:30:56.000Z,False,MOBILE
TXN-0000342,CARD-000095,55.82,INR,MER-7108,Amazon,7011,IN,IN,2024-05-09T02:50:08.000Z,False,MOBILE
TXN-0000343,CARD-000087,44.26,INR,MER-2129,BigBasket,5411,US,IN,2024-03-12T14:35:50.000Z,False,POS
TXN-0000344,CARD-000100,163.98,INR,MER-5979,Unknown Crypto,5691,IN,IN,2024-04-21T10:36:59.000Z,False,MOBILE
TXN-0000345,CARD-000032,37.18,INR,MER-5016,Swiggy,5661,IN,IN,2024-04-20T19:53:58.000Z,False,ONLINE
TXN-0000346,CARD-000053,396.16,INR,MER-6038,Amazon,5411,IN,IN,2024-08-16T13:41:59.000Z,False,ONLINE
TXN-0000347,CARD-000068,112.65,INR,MER-2524,Amazon,7011,IN,IN,2024-04-06T10:11:17.000Z,False,ONLINE
TXN-0000348,CARD-000067,10.18,INR,MER-9280,Swiggy,5661,IN,IN,2024-07-27T03:28:47.000Z,False,MOBILE
TXN-0000349,CARD-000051,338.73,INR,MER-4879,Zomato,5912,IN,IN,2024-06-20T04:45:32.000Z,False,POS
TXN-0000350,CARD-000041,262.92,INR,MER-4321,Swiggy,6051,IN,IN,2024-04-29T02:43:09.000Z,False,MOBILE
TXN-0000351,CARD-000014,52.6,INR,MER-7660,Amazon,5812,IN,IN,2024-06-28T11:26:00.000Z,False,MOBILE
TXN-0000352,CARD-000046,200.05,INR,MER-5984,BetOnline,4111,IN,IN,2024-03-24T05:44:18.000Z,False,MOBILE
TXN-0000353,CARD-000090,75.16,INR,MER-5066,Zomato,4829,IN,IN,2024-04-07T03:19:15.000Z,False,POS
TXN-0000354,CARD-000066,235.97,INR,MER-5093,Amazon,5812,AE,IN,2024-06-24T20:14:29.000Z,True,POS
TXN-0000355,CARD-000014,122.26,INR,MER-4246,BetOnline,5812,IN,IN,2024-04-26T04:45:33.000Z,False,POS
TXN-0000356,CARD-000048,29.92,INR,MER-2056,Swiggy,5912,IN,IN,2024-03-20T00:47:37.000Z,False,MOBILE
TXN-0000357,CARD-000057,6.67,INR,MER-8552,Amazon,5812,IN,IN,2024-04-01T01:33:16.000Z,False,ONLINE
TXN-0000358,CARD-000074,15.5,INR,MER-4517,Swiggy,5661,AE,IN,2024-04-14T12:53:12.000Z,True,POS
TXN-0000359,CARD-000036,197.47,INR,MER-5026,Unknown Crypto,5661,IN,IN,2024-08-05T22:32:36.000Z,False,POS
TXN-0000360,CARD-000064,24.74,INR,MER-4267,Unknown Crypto,5411,IN,IN,2024-04-05T15:15:49.000Z,False,MOBILE
TXN-0000361,CARD-000032,199.79,INR,MER-9921,BetOnline,5691,IN,IN,2024-05-31T17:27:53.000Z,False,POS
TXN-0000362,CARD-000045,301.77,INR,MER-4588,Amazon,7995,IN,IN,2024-05-21T21:44:25.000Z,False,POS
TXN-0000363,CARD-000008,42.97,INR,MER-2640,Swiggy,5661,US,IN,2024-04-29T05:48:42.000Z,False,MOBILE
TXN-0000364,CARD-000031,71.59,INR,MER-6813,BetOnline,5411,IN,IN,2024-07-26T14:08:31.000Z,False,ONLINE
TXN-0000365,CARD-000023,810.07,INR,MER-6761,Myntra,7011,IN,IN,2024-07-30T01:01:37.000Z,False,MOBILE
TXN-0000366,CARD-000019,44.04,INR,MER-2478,Amazon,5661,IN,IN,2024-07-04T01:22:55.000Z,False,ONLINE
TXN-0000367,CARD-000078,66.73,INR,MER-4300,BetOnline,7011,SG,IN,2024-03-01T12:04:41.000Z,True,ONLINE
TXN-0000368,CARD-000044,51.7,INR,MER-2817,BetOnline,6051,IN,IN,2024-07-29T05:09:26.000Z,False,MOBILE
TXN-0000369,CARD-000047,6.48,INR,MER-6514,Zomato,5912,IN,IN,2024-07-29T03:40:42.000Z,False,POS
TXN-0000370,CARD-000018,617.69,INR,MER-3854,Unknown Crypto,7995,SG,IN,2024-08-14T11:33:06.000Z,True,MOBILE
TXN-0000371,CARD-000089,67.06,INR,MER-3872,BigBasket,4829,IN,IN,2024-08-18T21:26:34.000Z,False,POS
TXN-0000372,CARD-000094,71.09,INR,MER-1530,Swiggy,5411,US,IN,2024-06-09T20:39:41.000Z,False,MOBILE
TXN-0000373,CARD-000041,50.39,INR,MER-3304,Zomato,4829,US,IN,2024-03-27T18:03:55.000Z,False,MOBILE
TXN-0000374,CARD-000010,116.39,INR,MER-6500,BigBasket,5812,IN,IN,2024-08-19T23:16:08.000Z,False,ONLINE
TXN-0000375,CARD-000034,2699.43,INR,MER-2770,Unknown Crypto,7011,IN,IN,2024-05-29T09:20:40.000Z,False,ONLINE
TXN-0000376,CARD-000007,20.71,INR,MER-9946,BigBasket,5812,IN,IN,2024-06-05T12:47:16.000Z,False,ONLINE
TXN-0000377,CARD-000062,323.84,INR,MER-2207,BetOnline,4829,IN,IN,2024-04-11T16:25:51.000Z,False,ONLINE
TXN-0000378,CARD-000038,227.28,INR,MER-2228,Myntra,5912,IN,IN,2024-06-05T05:51:30.000Z,False,ONLINE
TXN-0000379,CARD-000044,101.24,INR,MER-8066,Unknown Crypto,4829,IN,IN,2024-08-28T01:07:42.000Z,False,ONLINE
TXN-0000380,CARD-000078,154.45,INR,MER-9849,Zomato,5912,IN,IN,2024-06-13T20:10:28.000Z,False,MOBILE
TXN-0000381,CARD-000037,57.51,INR,MER-9043,Swiggy,4111,IN,IN,2024-06-09T20:49:03.000Z,False,ONLINE
TXN-0000382,CARD-000047,150.47,INR,MER-3798,Unknown Crypto,4829,IN,IN,2024-03-07T07:32:05.000Z,False,POS
TXN-0000383,CARD-000011,91.13,INR,MER-9013,Unknown Crypto,5661,IN,IN,2024-06-10T17:08:47.000Z,False,POS
TXN-0000384,CARD-000012,42.66,INR,MER-1731,Zomato,6051,IN,IN,2024-04-17T16:13:48.000Z,False,POS
TXN-0000385,CARD-000060,35.72,INR,MER-3476,BetOnline,4111,IN,IN,2024-07-23T02:14:39.000Z,False,MOBILE
TXN-0000386,CARD-000086,388.91,INR,MER-1999,BetOnline,5691,US,IN,2024-04-28T20:09:21.000Z,False,POS
TXN-0000387,CARD-000067,249.02,INR,MER-8803,Zomato,7995,IN,IN,2024-07-25T08:34:46.000Z,False,ONLINE
TXN-0000388,CARD-000051,426.66,INR,MER-3415,Amazon,5691,US,IN,2024-07-25T22:35:00.000Z,False,POS
TXN-0000389,CARD-000023,30.28,INR,MER-7936,Amazon,5812,IN,IN,2024-04-02T01:33:13.000Z,False,MOBILE
TXN-0000390,CARD-000056,174.85,INR,MER-2425,BigBasket,5812,IN,IN,2024-05-21T02:26:23.000Z,False,MOBILE
TXN-0000391,CARD-000051,757.87,INR,MER-1202,BetOnline,5691,IN,IN,2024-07-12T16:40:51.000Z,False,MOBILE
TXN-0000392,CARD-000080,15.11,INR,MER-2641,Amazon,5912,IN,IN,2024-07-24T21:24:21.000Z,False,MOBILE
TXN-0000393,CARD-000100,30.12,INR,MER-5327,BigBasket,5912,US,IN,2024-05-28T14:57:36.000Z,False,MOBILE
TXN-0000394,CARD-000063,26.53,INR,MER-7581,Amazon,5812,IN,IN,2024-08-06T22:09:37.000Z,False,POS
TXN-0000395,CARD-000043,49.7,INR,MER-1331,Zomato,7011,IN,IN,2024-05-08T13:33:36.000Z,False,POS
TXN-0000396,CARD-000040,69.09,INR,MER-8259,BetOnline,5912,IN,IN,2024-04-04T10:56:24.000Z,False,POS
TXN-0000397,CARD-000035,354.44,INR,MER-4463,BetOnline,7995,IN,IN,2024-04-18T16:04:56.000Z,False,POS
TXN-0000398,CARD-000095,21.33,INR,MER-6097,Unknown Crypto,6051,US,IN,2024-04-10T02:23:20.000Z,False,MOBILE
TXN-0000399,CARD-000052,103.65,INR,MER-3846,Swiggy,5812,US,IN,2024-07-24T01:03:14.000Z,False,ONLINE
TXN-0000400,CARD-000008,90.4,INR,MER-9275,BigBasket,6051,IN,IN,2024-06-03T16:54:06.000Z,False,MOBILE
TXN-0000401,CARD-000016,338.67,INR,MER-3909,BetOnline,5411,IN,IN,2024-07-31T16:14:31.000Z,False,POS
TXN-0000402,CARD-000076,31.64,INR,MER-7333,Amazon,4111,IN,IN,2024-05-12T00:59:57.000Z,False,ONLINE
TXN-0000403,CARD-000074,63.47,INR,MER-5408,Unknown Crypto,7011,IN,IN,2024-08-21T07:31:36.000Z,False,POS
TXN-0000404,CARD-000066,715.24,INR,MER-1138,Swiggy,5411,IN,IN,2024-08-13T06:18:21.000Z,False,POS
TXN-0000405,CARD-000078,117.04,INR,MER-6713,BigBasket,4111,IN,IN,2024-06-17T13:42:25.000Z,False,POS
TXN-0000406,CARD-000028,15.41,INR,MER-7131,Myntra,4829,IN,IN,2024-03-02T18:37:25.000Z,False,MOBILE
TXN-0000407,CARD-000077,130.95,INR,MER-6509,Zomato,4829,IN,IN,2024-07-02T02:19:27.000Z,False,MOBILE
TXN-0000408,CARD-000042,164.32,INR,MER-7620,Unknown Crypto,4111,US,IN,2024-05-01T02:04:01.000Z,False,POS
TXN-0000409,CARD-000088,44.09,INR,MER-7857,BigBasket,5812,IN,IN,2024-05-15T09:26:43.000Z,False,POS
TXN-0000410,CARD-000095,565.04,INR,MER-9759,Unknown Crypto,4829,IN,IN,2024-05-27T08:05:45.000Z,True,POS
TXN-0000411,CARD-000086,136.25,INR,MER-3967,Zomato,6051,IN,IN,2024-08-16T20:19:30.000Z,False,ONLINE
TXN-0000412,CARD-000061,171.44,INR,MER-2463,Swiggy,5691,IN,IN,2024-08-22T12:13:12.000Z,False,POS
TXN-0000413,CARD-000029,175.65,INR,MER-5817,BigBasket,4111,IN,IN,2024-06-04T09:29:12.000Z,False,ONLINE
TXN-0000414,CARD-000061,448.73,INR,MER-9199,Amazon,4829,IN,IN,2024-06-29T07:04:59.000Z,False,MOBILE
TXN-0000415,CARD-000049,158.11,INR,MER-4281,Zomato,5691,IN,IN,2024-04-08T05:00:04.000Z,False,POS
TXN-0000416,CARD-000073,1417.06,INR,MER-6449,Unknown Crypto,5812,IN,IN,2024-03-21T17:45:08.000Z,False,ONLINE
TXN-0000417,CARD-000041,9.99,INR,MER-3595,BigBasket,5411,US,IN,2024-04-23T06:08:19.000Z,True,ONLINE
TXN-0000418,CARD-000017,25.05,INR,MER-1618,Myntra,7995,IN,IN,2024-06-07T00:10:11.000Z,False,ONLINE
TXN-0000419,CARD-000094,29.37,INR,MER-1293,Unknown Crypto,6051,IN,IN,2024-07-14T06:56:19.000Z,False,ONLINE
TXN-0000420,CARD-000081,82.4,INR,MER-6015,Swiggy,6051,IN,IN,2024-06-07T18:19:33.000Z,False,ONLINE
TXN-0000421,CARD-000006,38.28,INR,MER-9587,Zomato,4111,IN,IN,2024-07-12T21:42:47.000Z,False,POS
TXN-0000422,CARD-000088,270.14,INR,MER-1313,Swiggy,5661,IN,IN,2024-04-12T14:41:13.000Z,False,ONLINE
TXN-0000423,CARD-000094,87.25,INR,MER-3768,Amazon,5812,IN,IN,2024-07-29T18:22:23.000Z,False,POS
TXN-0000424,CARD-000092,74.16,INR,MER-1785,Unknown Crypto,4111,US,IN,2024-03-13T21:37:26.000Z,False,ONLINE
TXN-0000425,CARD-000084,68.82,INR,MER-7230,Amazon,5411,IN,IN,2024-06-15T16:10:37.000Z,False,MOBILE
TXN-0000426,CARD-000033,45.47,INR,MER-5423,Myntra,5411,IN,IN,2024-08-17T18:56:37.000Z,False,MOBILE
TXN-0000427,CARD-000090,100.57,INR,MER-2928,Zomato,5812,IN,IN,2024-07-09T22:29:22.000Z,False,ONLINE
TXN-0000428,CARD-000014,17.39,INR,MER-5839,Swiggy,4111,IN,IN,2024-05-31T14:55:07.000Z,False,ONLINE
TXN-0000429,CARD-000071,92.14,INR,MER-1044,Amazon,5661,IN,IN,2024-05-24T08:32:17.000Z,False,MOBILE
TXN-0000430,CARD-000012,601.73,INR,MER-2659,Zomato,5661,IN,IN,2024-07-09T02:43:56.000Z,False,MOBILE
TXN-0000431,CARD-000030,25.57,INR,MER-1820,Amazon,5661,IN,IN,2024-05-07T16:54:13.000Z,False,ONLINE
TXN-0000432,CARD-000006,177.6,INR,MER-1158,BetOnline,6051,IN,IN,2024-03-25T01:40:14.000Z,False,ONLINE
TXN-0000433,CARD-000085,36.31,INR,MER-2522,Zomato,5812,IN,IN,2024-08-07T09:46:07.000Z,False,POS
TXN-0000434,CARD-000024,224.99,INR,MER-7909,Unknown Crypto,5661,IN,IN,2024-08-24T17:24:44.000Z,False,ONLINE
TXN-0000435,CARD-000015,199.49,INR,MER-7816,Myntra,5812,IN,IN,2024-04-10T03:46:33.000Z,False,POS
TXN-0000436,CARD-000073,64.71,INR,MER-8914,BigBasket,7995,US,IN,2024-03-08T04:45:25.000Z,False,ONLINE
TXN-0000437,CARD-000053,45.45,INR,MER-1202,Unknown Crypto,5661,IN,IN,2024-08-15T11:26:27.000Z,False,MOBILE
TXN-0000438,CARD-000068,107.01,INR,MER-2560,BigBasket,4829,IN,IN,2024-07-11T19:02:44.000Z,False,MOBILE
TXN-0000439,CARD-000094,18.84,INR,MER-1894,Amazon,7011,IN,IN,2024-04-08T20:19:43.000Z,False,MOBILE
TXN-0000440,CARD-000021,23.34,INR,MER-4946,Zomato,5661,IN,IN,2024-07-04T11:40:26.000Z,False,POS
TXN-0000441,CARD-000007,85.86,INR,MER-2291,BigBasket,5691,IN,IN,2024-06-12T08:33:21.000Z,False,POS
TXN-0000442,CARD-000074,9.58,INR,MER-2681,BigBasket,5661,IN,IN,2024-08-15T00:38:49.000Z,False,POS
TXN-0000443,CARD-000005,192.03,INR,MER-5990,Myntra,5691,IN,IN,2024-08-02T22:32:22.000Z,False,MOBILE
TXN-0000444,CARD-000027,42.64,INR,MER-6439,Myntra,6051,IN,IN,2024-04-27T16:32:46.000Z,False,MOBILE
TXN-0000445,CARD-000077,30.16,INR,MER-2596,BetOnline,5661,IN,IN,2024-06-24T04:09:05.000Z,False,MOBILE
TXN-0000446,CARD-000029,276.98,INR,MER-1750,Swiggy,4111,IN,IN,2024-08-27T03:52:15.000Z,False,POS
TXN-0000447,CARD-000018,91.42,INR,MER-2978,BetOnline,7995,US,IN,2024-04-20T06:49:41.000Z,False,POS
TXN-0000448,CARD-000028,11.98,INR,MER-3018,BetOnline,6051,IN,IN,2024-03-12T23:03:20.000Z,False,POS
TXN-0000449,CARD-000059,157.27,INR,MER-9689,Unknown Crypto,4829,IN,IN,2024-07-06T00:09:28.000Z,False,ONLINE
TXN-0000450,CARD-000071,739.46,INR,MER-3845,Unknown Crypto,5661,IN,IN,2024-08-25T21:03:52.000Z,False,ONLINE
TXN-0000451,CARD-000014,36.36,INR,MER-7302,BigBasket,7995,US,IN,2024-05-22T18:21:14.000Z,False,MOBILE
TXN-0000452,CARD-000089,96.98,INR,MER-7762,Myntra,6051,IN,IN,2024-04-04T05:01:51.000Z,False,MOBILE
TXN-0000453,CARD-000096,34.59,INR,MER-4560,Swiggy,5691,US,IN,2024-05-20T20:09:19.000Z,False,ONLINE
TXN-0000454,CARD-000080,60.0,INR,MER-6281,Unknown Crypto,5812,IN,IN,2024-07-07T19:45:05.000Z,False,ONLINE
TXN-0000455,CARD-000098,15.14,INR,MER-9747,Zomato,6051,US,IN,2024-07-25T15:11:59.000Z,False,POS
TXN-0000456,CARD-000002,68.8,INR,MER-3636,Zomato,5812,IN,IN,2024-04-21T09:43:13.000Z,False,MOBILE
TXN-0000457,CARD-000033,86.6,INR,MER-1529,Zomato,5812,IN,IN,2024-04-22T19:42:12.000Z,False,POS
TXN-0000458,CARD-000014,23.52,INR,MER-9370,BetOnline,5691,US,IN,2024-06-08T08:39:02.000Z,False,MOBILE
TXN-0000459,CARD-000037,27.11,INR,MER-1881,Amazon,5411,IN,IN,2024-06-15T11:23:00.000Z,False,MOBILE
TXN-0000460,CARD-000033,181.76,INR,MER-4218,BetOnline,5661,IN,IN,2024-07-29T19:54:05.000Z,False,MOBILE
TXN-0000461,CARD-000025,910.92,INR,MER-9418,Amazon,4111,IN,IN,2024-04-17T06:19:39.000Z,False,POS
TXN-0000462,CARD-000006,22.68,INR,MER-8640,Unknown Crypto,5812,IN,IN,2024-03-02T12:02:07.000Z,False,ONLINE
TXN-0000463,CARD-000006,174.96,INR,MER-5934,BigBasket,5812,US,IN,2024-03-14T22:46:08.000Z,False,MOBILE
TXN-0000464,CARD-000071,24.06,INR,MER-9276,Swiggy,6051,IN,IN,2024-07-12T02:28:56.000Z,False,POS
TXN-0000465,CARD-000070,461.64,INR,MER-6437,Zomato,5691,IN,IN,2024-04-26T07:46:04.000Z,False,POS
TXN-0000466,CARD-000038,133.63,INR,MER-2879,Unknown Crypto,5691,US,IN,2024-08-14T00:19:13.000Z,False,POS
TXN-0000467,CARD-000058,643.24,INR,MER-1653,Unknown Crypto,7011,US,IN,2024-08-07T08:52:38.000Z,False,POS
TXN-0000468,CARD-000049,1092.46,INR,MER-1404,Myntra,7995,US,IN,2024-07-17T10:17:50.000Z,True,POS
TXN-0000469,CARD-000066,20.98,INR,MER-4154,Zomato,5691,IN,IN,2024-05-15T23:43:17.000Z,False,MOBILE
TXN-0000470,CARD-000011,179.15,INR,MER-4492,BetOnline,5691,IN,IN,2024-04-23T22:55:11.000Z,False,MOBILE
TXN-0000471,CARD-000055,71.36,INR,MER-3519,Amazon,5912,IN,IN,2024-08-13T02:37:32.000Z,False,POS
TXN-0000472,CARD-000092,69.95,INR,MER-4729,Zomato,5411,IN,IN,2024-07-21T02:33:52.000Z,False,POS
TXN-0000473,CARD-000050,140.8,INR,MER-7381,Unknown Crypto,5661,IN,IN,2024-05-20T00:36:53.000Z,False,ONLINE
TXN-0000474,CARD-000069,610.43,INR,MER-6860,Myntra,5912,US,IN,2024-03-12T02:38:34.000Z,False,ONLINE
TXN-0000475,CARD-000038,96.64,INR,MER-7473,BetOnline,4111,IN,IN,2024-06-21T13:53:12.000Z,False,MOBILE
TXN-0000476,CARD-000004,20.86,INR,MER-3360,Zomato,5812,US,IN,2024-05-15T23:05:05.000Z,False,MOBILE
TXN-0000477,CARD-000094,114.56,INR,MER-3316,Amazon,6051,IN,IN,2024-07-20T20:12:34.000Z,False,ONLINE
TXN-0000478,CARD-000001,30.63,INR,MER-4469,BigBasket,5691,IN,IN,2024-04-23T12:31:09.000Z,False,MOBILE
TXN-0000479,CARD-000066,52.99,INR,MER-4183,Amazon,5812,IN,IN,2024-08-05T09:12:07.000Z,False,ONLINE
TXN-0000480,CARD-000086,185.01,INR,MER-2103,Zomato,5691,US,IN,2024-03-19T10:34:56.000Z,False,ONLINE
TXN-0000481,CARD-000026,9.65,INR,MER-4842,Amazon,4829,IN,IN,2024-05-31T04:40:05.000Z,False,POS
TXN-0000482,CARD-000080,183.55,INR,MER-3496,Myntra,5661,US,IN,2024-08-16T11:07:45.000Z,False,MOBILE
TXN-0000483,CARD-000047,125.74,INR,MER-5033,BetOnline,6051,IN,IN,2024-03-02T11:24:13.000Z,False,ONLINE
TXN-0000484,CARD-000092,82.92,INR,MER-8296,Zomato,6051,IN,IN,2024-07-01T16:51:06.000Z,False,POS
TXN-0000485,CARD-000063,24.98,INR,MER-3293,Myntra,5691,US,IN,2024-03-21T10:13:00.000Z,False,ONLINE
TXN-0000486,CARD-000034,75.65,INR,MER-7637,BetOnline,5912,US,IN,2024-08-09T01:08:08.000Z,False,MOBILE
TXN-0000487,CARD-000028,16.85,INR,MER-3435,Zomato,5411,US,IN,2024-07-17T17:11:19.000Z,False,POS
TXN-0000488,CARD-000029,312.06,INR,MER-7500,Zomato,4111,US,IN,2024-07-09T03:17:49.000Z,False,MOBILE
TXN-0000489,CARD-000002,32.8,INR,MER-9423,Swiggy,7011,US,IN,2024-08-23T06:02:17.000Z,False,POS
TXN-0000490,CARD-000021,317.19,INR,MER-4585,BetOnline,5812,IN,IN,2024-05-31T01:28:17.000Z,False,POS
TXN-0000491,CARD-000030,1261.06,INR,MER-9485,BetOnline,5912,IN,IN,2024-03-11T07:31:42.000Z,False,POS
TXN-0000492,CARD-000050,24.59,INR,MER-5480,BetOnline,5411,UK,IN,2024-03-27T18:58:57.000Z,True,MOBILE
TXN-0000493,CARD-000034,115.62,INR,MER-7201,Zomato,4829,IN,IN,2024-06-05T23:47:58.000Z,False,MOBILE
TXN-0000494,CARD-000084,132.64,INR,MER-6781,BetOnline,4111,IN,IN,2024-07-11T14:46:34.000Z,False,POS
TXN-0000495,CARD-000063,67.47,INR,MER-8207,Swiggy,5661,IN,IN,2024-07-07T05:03:34.000Z,False,ONLINE
TXN-0000496,CARD-000010,34.11,INR,MER-4773,BigBasket,5812,IN,IN,2024-08-02T04:18:29.000Z,False,POS
TXN-0000497,CARD-000093,82.36,INR,MER-3641,Unknown Crypto,5912,IN,IN,2024-07-01T07:40:17.000Z,False,POS
TXN-0000498,CARD-000003,92.29,INR,MER-3406,Amazon,4829,US,IN,2024-03-11T20:50:08.000Z,False,ONLINE
TXN-0000499,CARD-000034,168.56,INR,MER-1305,Unknown Crypto,5812,IN,IN,2024-08-01T20:31:12.000Z,False,MOBILE
